{"timestamp": "201708202208", "estimator": "lgb", "best_score": 0.8417739628040057, "val_score": 0.8395538395538396, "best_params": {"boosting_type": "dart", "colsample_bytree": 0.9618451705028176, "learning_rate": 0.10526509702797537, "max_depth": 28, "min_child_weight": 37.00056750614552, "n_estimators": 37, "num_leaves": 49, "objective": "binary", "seed": 75, "subsample": 0.8733323481906572}}