{"timestamp": "201708202209", "estimator": "lgb", "best_score": 0.8434907010014306, "val_score": 0.8352638352638353, "best_params": {"boosting_type": "gbdt", "colsample_bytree": 0.9856380525898715, "learning_rate": 0.0729062627397147, "max_depth": 21, "min_child_weight": 22.629368071306896, "n_estimators": 13, "num_leaves": 32, "objective": "binary", "seed": 93, "subsample": 0.9848464684367455}}