{"timestamp": "201708201001", "estimator": "xgb", "best_score": 0.8434907010014306, "val_score": 0.836979836979837, "best_params": {"colsample_bytree": 0.8556696415627598, "gamma": 8.966867848169414, "learning_rate": 0.19838250163846632, "max_depth": 26, "min_child_weight": 29.091251888593263, "n_estimators": 31, "objective": "binary:logistic", "scale_pos_weight": 1, "seed": 18, "subsample": 0.8130334909960907}}