{"timestamp": "201708201006", "estimator": "xgb", "best_score": 0.8406294706723891, "val_score": 0.8356928356928357, "best_params": {"colsample_bytree": 0.6385568121009949, "gamma": 5.490136777701205, "learning_rate": 0.20740973290458153, "max_depth": 27, "min_child_weight": 76.71685685789342, "n_estimators": 9, "objective": "binary:logistic", "scale_pos_weight": 1, "seed": 46, "subsample": 0.9260548215377105}}